Team Valkyrie,0,0,2,6246957,Krowlok,Hypr,Huffi,Mark Rober,Lemon,,0.0,TVK
Making New Meta,0,0,1,5077416,TidalPilot,BesternBagger,Eleventy 49,Krabsy,Bran Flakes,,0.0,MNM
Smash,0,0,0,547064,Fish,Aldas,Jericho,Ox,Moonduck,,0.0,SMASH
Detrimentum,0,0,1,3435705,ToastR,DJ Matty Savage,Camdawg,Rune,Aylienne,,0.7,DETRI
Standin.Ovation,0,0,0,1658175,ViperKing,Sctl,6 God Poppin,CactusLord,Debruyne,,0.0,Standin
Carnival Of Filth,0,0,7,21484184,Refraktia,DougDoug,DarthDivac,Cheesex,Teekay,,1.899999999999999,COF
Kappa Stack,0,0,1,2979155,Pyro314,Weaboo Jones,Colton Yates,MarySavage,UDOJ,,0.0,Kappa
Notessimo,0,0,2,8243179,REaper954,Cultaholic,StarWarsXD,CGP Grey,RT,,0.0,Note
Red Bull,0,0,0,547064,cdude63,Frost,Kaiju,SuperSaltyChips,Sora4Smash,,0.0,RB
Red Pretzels,0,0,1,3822316,Huntio,Genikai,Chr1s,Baumi,TaBoy,,0.0,RP
The Ocean,0,0,0,547064,LordHasek,3Logan,ArmoredWolf,SBNation,Rexus,,0.0,Ocean
Rust & Ruin,0,0,1,3089505,Nett,BohMasterFlex,Redtail,Welyn,Purge,,0.0,RR
Little Penguins,0,0,2,3887246,Un1v3rs3,Quinten,Teresa,Macpot,Absolute Chad,,0.0,LP
Dragonforce,0,0,0,1913625,Yenser,AntVenom,BlackSunRising,Donut,Michael Rodgers,,0.0,Dragon
RL Monarchs,0,0,3,6113937,KiddingEmporer,YaBoyRex,SethBling,Lugaru,Virux8898,,1.1,RL.Mon
Manticore,0,0,0,1940775,Hershey,WhitePancakes,JK,Dino,Deadmau5,,0.0,Manti
The Hidden,0,0,1,2401730,Currupt,Hackstrong,4ubyGames,Lethamyr,Ferchu,,0.0,Hidden
The Sword,0,0,2,4815246,EnchantedBBQ,Dusty,Alan Walker,GrayStillPlays,NightStar451,,0.24999999999999992,Sword
Bad Axe,0,0,2,3956671,Prvg,Kamathon Kamstar,NTTHRASH,Jon Bois,Poxie,,0.0,BadAxe
Dwarven Inc.,0,0,0,1061314,Minigrocks,Nick Robinson,AdmiralBulldog,Rockasun,EmpLemon,,0.0,Dwarf
RL Bomberrs,0,0,4,8853989,CharizardX,Vodka Challenger,Ravioli,Shank Wizard,Obelisk,,0.3999999999999999,RL.Bomb
RL Guardians,0,0,5,37716808,RoboticWarfare,Eragon,Panah,NoobFromUA,MrRampage777,,10.249999999999991,RL.Guard
RL Express,0,0,4,10739936,2bd,SeamlessR,Watafak,SuperDotaPlaya,Qevehn,,0.8000000000000023,RL.Exp
RL Robots,0,0,1,3853991,Zidaur,BananerAnner,Xeno,Winter,Nebula,,0.0,RL.Rob
RL Mammoths,0,0,0,572489,LTT,FireIce,Raykid983,Klamran,Mebat2000,,0.0,RL.Mam
RL Mavericks,0,0,0,3015675,CaptainSparklez,TheShrub,Spirit,Joey Nitro,MelonBoy,,0.0,RL.Mav
The Fabulous,0,0,0,815964,Dovahhatty,Rambo,n430,Civilis,LastOfMyKind,,0.0,Fab
Team Unique,0,0,0,3015614,JayzTwoCents,getGood,CodeBullet,Gun Happy Chris,Megaera,,0.0,Unique
Alter Ego,0,0,2,4642396,Chain Bear,Mizm,Young Bubba,DarkViperAU,EDKH,,0.0,AE
Winstrike,0,0,2,10281776,Ceave,boots,NerdCubed,Master Iris,GDragon,,2.1000000000000014,WS
Leviathan,0,0,3,5591062,Vories,SuperGT,Antonim,CamaroMC,Slacks,,1.6653345369377348E-16,Lev
Fly To Moon,0,0,0,775639,Fluxtrance,JTalon,Lila,WiffBone,Light Yagami,,0.0,FTM
